text,summary
"""The Amazon rainforest is home to millions of species and plays a crucial role in regulating the Earth's climate."",""The Amazon rainforest supports biodiversity and climate regulation."""
"""Photosynthesis allows plants to convert sunlight into chemical energy, sustaining life on Earth."",""Photosynthesis converts sunlight into energy for life."""
"""Mount Everest is the highest peak on Earth, attracting climbers worldwide despite harsh conditions."",""Mount Everest is Earth's tallest mountain, popular among climbers."""
"""Electric vehicles are becoming more popular as they reduce greenhouse gas emissions and reliance on fossil fuels."",""Electric vehicles help cut emissions and reduce fossil fuel use."""
"""The Great Barrier Reef is the largest coral reef system, supporting diverse marine life."",""The Great Barrier Reef hosts rich marine biodiversity."""
"""Global warming leads to rising sea levels, threatening coastal cities and ecosystems."",""Global warming raises sea levels, endangering coasts."""
"""The moon affects tides on Earth due to its gravitational pull."",""The moon's gravity causes ocean tides."""
"""The Nile is the longest river in Africa, essential for agriculture and communities along its banks."",""The Nile river supports African agriculture and settlements."""
"""Artificial intelligence is revolutionizing industries by automating tasks and improving decision-making."",""AI transforms industries with automation and better decisions."""
"""The human brain contains around 86 billion neurons, enabling complex thought and behavior."",""The brain has 86 billion neurons for complex thinking."""
"""Vaccines protect populations from infectious diseases and prevent outbreaks."",""Vaccines prevent disease spread and outbreaks."""
"""Climate change impacts weather patterns, agriculture, and water resources worldwide."",""Climate change affects weather, farming, and water supply."""
"""The Sahara Desert is the largest hot desert in the world, spanning multiple countries in Africa."",""The Sahara is the world's largest hot desert in Africa."""
"""Renewable energy sources, like solar and wind, help reduce carbon emissions."",""Solar and wind energy lower carbon emissions."""
"""Bees are critical pollinators that support ecosystems and food production."",""Bees pollinate plants, supporting food and ecosystems."""
"""The internet has transformed communication, education, and commerce globally."",""The internet changes how we communicate, learn, and trade."""
"""Plastic pollution in oceans harms marine life and ecosystems."",""Ocean plastic pollution damages marine ecosystems."""
"""The Pacific Ocean is the largest and deepest ocean on Earth."",""The Pacific is Earth's largest and deepest ocean."""
"""The Eiffel Tower in Paris is a landmark and a popular tourist attraction."",""The Eiffel Tower is a famous Paris landmark."""
"""Deforestation reduces biodiversity and contributes to climate change."",""Deforestation harms biodiversity and worsens climate change."""
"""Hurricanes are powerful storms causing heavy rain, wind damage, and flooding."",""Hurricanes bring strong winds, rain, and floods."""
"""Mount Kilimanjaro is Africa's highest peak and a destination for climbers."",""Kilimanjaro is Africa's tallest mountain, attracting climbers."""
"""Coral bleaching occurs when reefs are stressed by warm water, threatening marine life."",""Coral bleaching endangers reefs and marine species."""
"""Recycling helps reduce waste, conserve resources, and lower pollution."",""Recycling reduces waste and conserves resources."""
"""Polar bears rely on sea ice for hunting and survival, facing threats from melting ice."",""Polar bears need sea ice to hunt, threatened by melting."""
"""The Amazon River has vast biodiversity and provides resources for local communities."",""The Amazon River supports diverse life and human communities."""
"""Rainforests absorb carbon dioxide, helping mitigate climate change."",""Rainforests absorb CO2 to combat climate change."""
"""Electric grids are transitioning to renewable sources to achieve sustainable energy."",""Grids are shifting to renewables for sustainability."""
"""The Grand Canyon showcases millions of years of geological history and attracts tourists."",""The Grand Canyon displays ancient geology and draws visitors."""
"""Urbanization changes landscapes, impacting ecosystems and human lifestyles."",""Urban growth alters ecosystems and lifestyles."""
"""Sharks play an important role in maintaining ocean ecosystem balance."",""Sharks help keep ocean ecosystems balanced."""
"""Space exploration has led to technological advancements and scientific discoveries."",""Space travel drives technology and science progress."""
"""Vaccination campaigns save millions of lives annually by preventing diseases."",""Vaccinations save lives by preventing illness."""
"""Global trade connects economies, influencing wealth, jobs, and culture."",""Trade links economies and affects jobs and culture."""
"""Renewable resources are naturally replenished and sustainable for long-term use."",""Renewables are sustainable resources."""
"""The Great Wall of China was built to protect against invasions and stands as a historical monument."",""The Great Wall served as protection and is a historic site."""
"""Volcanoes form when magma erupts from Earth's crust, creating mountains and lava flows."",""Volcanoes erupt magma, forming mountains and lava."""
"""The Pacific Ring of Fire is a region with frequent earthquakes and volcanic activity."",""The Ring of Fire has many earthquakes and volcanoes."""
"""Elephants are intelligent mammals with strong social bonds and long memories."",""Elephants are smart animals with social bonds."""
"""The Taj Mahal is a UNESCO World Heritage site, known for its architecture and history."",""The Taj Mahal is a historic UNESCO site with iconic architecture."""
"""Oceans cover over 70% of Earth's surface and regulate climate and weather patterns."",""Oceans cover most of Earth and influence climate."""
"""Deforestation in the Amazon threatens wildlife and contributes to carbon emissions."",""Amazon deforestation endangers animals and increases carbon."""
"""Artificial intelligence can assist in healthcare, transportation, and environmental monitoring."",""AI aids health, transport, and environment."""
"""The Sahara Desert experiences extreme temperatures and scarce rainfall, creating harsh conditions."",""The Sahara is hot with little rain, making life tough."""
"""Global pandemics like COVID-19 highlight the importance of public health measures."",""Pandemics show the need for strong health systems."""
"""Wind energy generates electricity without emitting greenhouse gases."",""Wind power produces clean electricity."""
"""Reforestation helps restore ecosystems, sequester carbon, and combat climate change."",""Planting trees restores ecosystems and captures carbon."""
"""Electric cars use batteries and electric motors to reduce fossil fuel use."",""Electric vehicles reduce fossil fuel reliance."""
"""Ocean currents distribute heat, nutrients, and influence marine life and climate."",""Currents move heat and nutrients, affecting life and climate."""
"""The Mariana Trench is the deepest part of the world's oceans, reaching nearly 11 kilometers deep."",""The Mariana Trench is Earth's deepest ocean location."""
"""Global deforestation affects rainfall patterns, soil quality, and biodiversity."",""Deforestation changes rain, soil, and biodiversity."""
"""Artificial satellites provide GPS, weather monitoring, and communications."",""Satellites support GPS, weather tracking, and communication."""
"""The Amazon rainforest produces around 20% of Earth's oxygen and is a carbon sink."",""The Amazon generates oxygen and stores carbon."""
"""Solar panels convert sunlight into electricity, providing clean energy for homes and industries."",""Solar panels generate clean electricity from sunlight."""
"""Earthquakes result from sudden shifts in Earth's tectonic plates, causing destruction and hazards."",""Earthquakes occur from tectonic plate shifts, causing damage."""
"""Rainforests maintain humidity, protect rivers, and sustain indigenous communities."",""Rainforests preserve humidity, rivers, and local communities."""
"""Electric scooters and bikes are eco-friendly transport alternatives in urban areas."",""E-scooters and bikes provide green urban transport."""
"""The Mediterranean Sea is a biodiversity hotspot with unique marine ecosystems."",""The Mediterranean hosts diverse marine life."""
"""Space telescopes allow scientists to observe distant galaxies and phenomena."",""Space telescopes study faraway galaxies and cosmic events."""
"""Polar ice caps store freshwater and influence global climate patterns."",""Ice caps store water and affect climate worldwide."""
"""Hydropower generates electricity from flowing water, reducing reliance on fossil fuels."",""Hydropower produces clean electricity from rivers."""
"""Climate change contributes to stronger storms, heatwaves, and melting glaciers."",""Climate change intensifies storms, heat, and glacier melting."""
"""Coral reefs protect coastlines, provide habitats, and support fisheries."",""Reefs shield coasts and sustain marine habitats."""
"""Rainwater harvesting conserves water and reduces strain on municipal supplies."",""Collecting rainwater saves water and relieves supply demand."""
"""The Amazon River Basin supports agriculture, fisheries, and human populations."",""The Amazon River aids farming, fishing, and communities."""
"""Volcanic eruptions release ash, lava, and gases, reshaping landscapes."",""Volcanoes emit lava and ash, changing the terrain."""
"""Ocean acidification results from increased carbon dioxide, threatening marine life."",""Carbon dioxide causes ocean acidification, harming species."""
"""The Eiffel Tower lights up Paris at night, drawing millions of visitors annually."",""The Eiffel Tower illuminates Paris, attracting tourists."""
"""Urban green spaces improve air quality, mental health, and community well-being."",""Parks and green areas enhance air, health, and community life."""
"""The International Space Station orbits Earth, conducting scientific research in microgravity."",""The ISS studies science in space orbiting Earth."""
"""Wildfires can devastate forests, wildlife, and human settlements."",""Fires destroy forests, animals, and homes."""
"""Wind turbines convert kinetic energy into electricity, reducing greenhouse gas emissions."",""Wind turbines make electricity and cut emissions."""
"""The Yangtze River is vital for China's agriculture, transport, and hydroelectric power."",""The Yangtze supports farming, transport, and energy in China."""
"""Electric buses are reducing urban air pollution and providing sustainable transport."",""E-buses lower air pollution in cities."""
"""The Great Lakes contain 21% of the world's surface freshwater, supporting ecosystems and communities."",""The Great Lakes hold a fifth of Earth's surface freshwater."""
"""Artificial intelligence is being used to detect diseases earlier and improve diagnostics."",""AI helps detect and diagnose diseases faster."""
"""Recycling metals like aluminum saves energy and reduces environmental impact."",""Metal recycling conserves energy and environment."""
"""Earth's rotation and tilt cause seasons, affecting ecosystems and human activities."",""Seasons result from Earth's tilt and rotation."""
"""Glaciers store freshwater and their melting contributes to rising sea levels."",""Glaciers hold water and melting increases sea levels."""
"""The Sahara Desert is expanding due to desertification and climate change."",""The Sahara is growing from climate effects and desertification."""
"""Public transportation systems reduce traffic congestion, emissions, and energy use."",""Public transport lowers traffic, emissions, and energy consumption."""
"""The Great Barrier Reef faces threats from warming waters, pollution, and overfishing."",""The reef is endangered by heat, pollution, and fishing."""
"""Space exploration missions provide insights into planetary systems and potential for life."",""Space missions study planets and search for life."""
"""Urban heat islands cause higher temperatures in cities compared to surrounding areas."",""Cities experience heat islands, warming urban areas."""
"""The Amazon supports medicinal plants and traditional knowledge for local communities."",""The Amazon provides medicine and cultural knowledge."""
"""Climate models predict temperature increases, sea level rise, and extreme weather events."",""Models forecast warming, rising seas, and extreme weather."""
"""Microplastics are found in oceans, affecting marine life and human health."",""Microplastics harm oceans and health."""
"""Wind energy projects are expanding globally to meet renewable energy goals."",""Wind energy is growing worldwide."""
"""Electric cars can help reduce air pollution and dependence on oil."",""EVs reduce pollution and oil use."""
"""The Himalayas continue to rise due to tectonic activity, shaping the Asian landscape."",""Himalayas grow from tectonics, shaping Asia."""
"""Coral reefs provide food, tourism, and coastal protection."",""Reefs offer food, tourism, and coast safety."""
"""Desalination plants convert seawater into freshwater to support growing populations."",""Desalination makes seawater drinkable for people."""
"""Rainforests are being cleared for agriculture, mining, and urban expansion."",""Rainforests are cut for farms, mining, and cities."""
"""The Amazon hosts thousands of bird species and countless insects, supporting ecological balance."",""Amazon biodiversity includes birds and insects."""
"""Hydroelectric dams produce renewable energy but can affect local ecosystems and communities."",""Dams generate energy but impact nature and people."""
"""Electric planes are being developed to reduce emissions and noise pollution."",""Electric aircraft aim to cut emissions and noise."""
"""The Pacific Ocean's currents regulate climate and support marine ecosystems."",""Pacific currents control climate and marine life."""
"""SpaceX and other private companies are advancing space technology and exploration."",""Private companies push space tech forward."""
